parking_segment_id,district_id,district_name,description,fare_description,has_charging_point,geometry_available,legal_answer_eligible,source_text_review_status,source_text_review_note
169,taoyuan-district,Taoyuan,縣府路園區(桃園區公所-民安路含調查局周邊),"一般小型車格 週一至週五 09:00~18:00收費 第一30分鐘收費20元，第二30分鐘收費20元，第三30分鐘收費25元,一般小型車格 週一至週五 07:00~09:00收費 20元/30分鐘,一般小型車格 週一至週五 18:00~20:00收費 20元/30分鐘,一般小型車格 週六至週日 18:00~20:00收費 0元/30分鐘,",false,false,false,APPROVED_SOURCE_TEXT,Approved by project owner after human review; status applied by Codex on 2026-07-17.
170,taoyuan-district,Taoyuan,中華路(中正路-三民路三段),"一般小型車格 週一至週日 07:00~20:00收費 第一30分鐘收費20元，第二30分鐘收費20元，第三30分鐘收費25元,",false,false,false,APPROVED_SOURCE_TEXT,Approved by project owner after human review; status applied by Codex on 2026-07-17.
171,taoyuan-district,Taoyuan,南華街(復興路-中山路),"一般小型車格 週一至週日 07:00~20:00收費 第一30分鐘收費20元，第二30分鐘收費20元，第三30分鐘收費25元,",false,false,false,APPROVED_SOURCE_TEXT,Approved by project owner after human review; status applied by Codex on 2026-07-17.
172,taoyuan-district,Taoyuan,民生路一(復興路-中山路),"一般小型車格 週一至週日 07:00~20:00收費 15元/30分鐘,",false,false,false,APPROVED_SOURCE_TEXT,Approved by project owner after human review; status applied by Codex on 2026-07-17.
173,taoyuan-district,Taoyuan,中山路(民生路-民族路),"一般小型車格 週一至週日 07:00~20:00收費 第一30分鐘收費20元，第二30分鐘收費20元，第三30分鐘收費25元,",false,false,false,APPROVED_SOURCE_TEXT,Approved by project owner after human review; status applied by Codex on 2026-07-17.
174,taoyuan-district,Taoyuan,三民路一(中山路-春日路),"一般小型車格 週一至週日 07:00~20:00收費 15元/30分鐘,",false,false,false,APPROVED_SOURCE_TEXT,Approved by project owner after human review; status applied by Codex on 2026-07-17.
176,taoyuan-district,Taoyuan,成功路前(中正路-春日路),"一般小型車格 週一至週日 07:00~20:00收費 15元/30分鐘,",false,false,false,APPROVED_SOURCE_TEXT,Approved by project owner after human review; status applied by Codex on 2026-07-17.
177,taoyuan-district,Taoyuan,民族路(復興路-三民路),"一般小型車格 週一至週日 07:00~20:00收費 第一30分鐘收費20元，第二30分鐘收費20元，第三30分鐘收費25元,",false,false,false,APPROVED_SOURCE_TEXT,Approved by project owner after human review; status applied by Codex on 2026-07-17.
178,taoyuan-district,Taoyuan,中正路2(中山路-慈文路),"一般小型車格 週一至週日 07:00~20:00收費 15元/30分鐘,",false,false,false,APPROVED_SOURCE_TEXT,Approved by project owner after human review; status applied by Codex on 2026-07-17.
179,taoyuan-district,Taoyuan,中山東路一(民生路-春日路),"一般小型車格 週一至週日 07:00~20:00收費 15元/30分鐘,",false,false,false,APPROVED_SOURCE_TEXT,Approved by project owner after human review; status applied by Codex on 2026-07-17.
180,taoyuan-district,Taoyuan,大興西路一(經國路-永安路),"一般小型車格 週一至週日 07:00~20:00收費 15元/30分鐘,",false,false,false,APPROVED_SOURCE_TEXT,Approved by project owner after human review; status applied by Codex on 2026-07-17.
182,taoyuan-district,Taoyuan,復興路(萬壽路-中山路),"一般小型車格 週一至週日 07:00~20:00收費 15元/30分鐘,",false,false,false,APPROVED_SOURCE_TEXT,Approved by project owner after human review; status applied by Codex on 2026-07-17.
183,taoyuan-district,Taoyuan,成功路後(春日路-三民路巨蛋),"一般小型車格 週一至週五 08:00~18:00收費 10元/30分鐘,",false,false,false,APPROVED_SOURCE_TEXT,Approved by project owner after human review; status applied by Codex on 2026-07-17.
184,taoyuan-district,Taoyuan,中正路1(慈文路-莊二街),"一般小型車格 週一至週日 07:00~20:00收費 15元/30分鐘,",false,false,false,APPROVED_SOURCE_TEXT,Approved by project owner after human review; status applied by Codex on 2026-07-17.
185,taoyuan-district,Taoyuan,南平路(寶慶路-南平橋),"一般小型車格 週一至週日 07:00~20:00收費 15元/30分鐘,",false,false,false,APPROVED_SOURCE_TEXT,Approved by project owner after human review; status applied by Codex on 2026-07-17.
186,taoyuan-district,Taoyuan,正光路(法治路-文中路),"一般小型車格 週一至週日 07:00~20:00收費 第一30分鐘收費15元，第二30分鐘收費20元，第三30分鐘收費25元,",false,false,false,APPROVED_SOURCE_TEXT,Approved by project owner after human review; status applied by Codex on 2026-07-17.
187,taoyuan-district,Taoyuan,廈門街(正光路-民安路),"一般小型車格 週一至週日 07:00~20:00收費 第一30分鐘收費15元，第二30分鐘收費20元，第三30分鐘收費25元,",false,false,false,APPROVED_SOURCE_TEXT,Approved by project owner after human review; status applied by Codex on 2026-07-17.
188,taoyuan-district,Taoyuan,同德六街(中正路-新埔六街),"一般小型車格 週一至週五 08:00~18:00收費 10元/30分鐘,",false,false,false,APPROVED_SOURCE_TEXT,Approved by project owner after human review; status applied by Codex on 2026-07-17.
189,taoyuan-district,Taoyuan,寶慶路(大興西路-莊敬路),"一般小型車格 週一至週六 08:00~18:00收費 10元/30分鐘,",false,false,false,APPROVED_SOURCE_TEXT,Approved by project owner after human review; status applied by Codex on 2026-07-17.
190,taoyuan-district,Taoyuan,三民路二(春日路-萬壽路),"一般小型車格 週一至週五 08:00~18:00收費 10元/30分鐘,",false,false,false,APPROVED_SOURCE_TEXT,Approved by project owner after human review; status applied by Codex on 2026-07-17.
192,taoyuan-district,Taoyuan,自強路(成功路-三民路),"一般小型車格 週一至週五 08:00~18:00收費 10元/30分鐘,",false,false,false,APPROVED_SOURCE_TEXT,Approved by project owner after human review; status applied by Codex on 2026-07-17.
193,taoyuan-district,Taoyuan,新埔六街(大興西路-南平路),"一般小型車格 週一至週日 07:00~20:00收費 15元/30分鐘,",false,false,false,APPROVED_SOURCE_TEXT,Approved by project owner after human review; status applied by Codex on 2026-07-17.
194,taoyuan-district,Taoyuan,大有路(大興路-民光東路),"一般小型車格 週一至週六 08:00~18:00收費 10元/30分鐘,",false,false,false,APPROVED_SOURCE_TEXT,Approved by project owner after human review; status applied by Codex on 2026-07-17.
195,taoyuan-district,Taoyuan,守法路(法治路-廈門街),"一般小型車格 週一至週日 07:00~20:00收費 第一30分鐘收費15元，第二30分鐘收費20元，第三30分鐘收費25元,",false,false,false,APPROVED_SOURCE_TEXT,Approved by project owner after human review; status applied by Codex on 2026-07-17.
196,taoyuan-district,Taoyuan,中山東路二(春日路-三民路),"一般小型車格 週一至週五 08:00~18:00收費 10元/30分鐘,",false,false,false,APPROVED_SOURCE_TEXT,Approved by project owner after human review; status applied by Codex on 2026-07-17.
197,taoyuan-district,Taoyuan,力行路(國際路二段-永安路),"一般小型車格 週一至週五 08:00~18:00收費 10元/30分鐘,",false,false,false,APPROVED_SOURCE_TEXT,Approved by project owner after human review; status applied by Codex on 2026-07-17.
198,taoyuan-district,Taoyuan,文中路(正光路-國際路),"一般小型車格 週一至週日 07:00~20:00收費 第一30分鐘收費15元，第二30分鐘收費20元，第三30分鐘收費25元,",false,false,false,APPROVED_SOURCE_TEXT,Approved by project owner after human review; status applied by Codex on 2026-07-17.
1A4,taoyuan-district,Taoyuan,文中路二(國際路二段-龍壽街),"一般小型車格 週一至週五 08:00~18:00收費 10元/30分鐘,",false,false,false,APPROVED_SOURCE_TEXT,Approved by project owner after human review; status applied by Codex on 2026-07-17.
1A6,taoyuan-district,Taoyuan,德華街(文中路-國信街),"一般小型車格 週一至週五 08:00~18:00收費 10元/30分鐘,",false,false,false,APPROVED_SOURCE_TEXT,Approved by project owner after human review; status applied by Codex on 2026-07-17.
1A7,taoyuan-district,Taoyuan,上海路(文中路-國強一街),"一般小型車格 週一至週五 08:00~18:00收費 10元/30分鐘,",false,false,false,APPROVED_SOURCE_TEXT,Approved by project owner after human review; status applied by Codex on 2026-07-17.
1A8,taoyuan-district,Taoyuan,大興西路三段(文中路-大興西路三段723號),"一般小型車格 週一至週五 08:00~18:00收費 10元/30分鐘,",false,false,false,APPROVED_SOURCE_TEXT,Approved by project owner after human review; status applied by Codex on 2026-07-17.
1A9,taoyuan-district,Taoyuan,大業路(健行路-民光東路),"一般小型車格 週一至週六 08:00~18:00收費 10元/30分鐘,",false,false,false,APPROVED_SOURCE_TEXT,Approved by project owner after human review; status applied by Codex on 2026-07-17.
1AA,taoyuan-district,Taoyuan,同德五街(中正路-新埔六街),"一般小型車格 週一至週日 07:00~20:00收費 15元/30分鐘,",false,false,false,APPROVED_SOURCE_TEXT,Approved by project owner after human review; status applied by Codex on 2026-07-17.
1AB,taoyuan-district,Taoyuan,國豐三街(國強一街-國豐三街90號),"一般小型車格 週一至週五 08:00~18:00收費 10元/30分鐘,",false,false,false,APPROVED_SOURCE_TEXT,Approved by project owner after human review; status applied by Codex on 2026-07-17.
1AC,taoyuan-district,Taoyuan,國強八街(國豐三街-國豐六街),"一般小型車格 週一至週五 08:00~18:00收費 10元/30分鐘,",false,false,false,APPROVED_SOURCE_TEXT,Approved by project owner after human review; status applied by Codex on 2026-07-17.
1AD,taoyuan-district,Taoyuan,國強一街(龍安街-益壽八街),"一般小型車格 週一至週五 08:00~18:00收費 10元/30分鐘,",false,false,false,APPROVED_SOURCE_TEXT,Approved by project owner after human review; status applied by Codex on 2026-07-17.
1AE,taoyuan-district,Taoyuan,民光東路(春日路-大有路),"一般小型車格 週一至週六 08:00~18:00收費 10元/30分鐘,",false,false,false,APPROVED_SOURCE_TEXT,Approved by project owner after human review; status applied by Codex on 2026-07-17.
1AG,taoyuan-district,Taoyuan,天祥七街(新埔十街-經國路),"一般小型車格 週一至週五 08:00~18:00收費 10元/30分鐘,",false,false,false,APPROVED_SOURCE_TEXT,Approved by project owner after human review; status applied by Codex on 2026-07-17.
1AH,taoyuan-district,Taoyuan,新埔十街(莊敬路一段-天祥七街),"一般小型車格 週一至週五 08:00~18:00收費 10元/30分鐘,",false,false,false,APPROVED_SOURCE_TEXT,Approved by project owner after human review; status applied by Codex on 2026-07-17.
1AI,taoyuan-district,Taoyuan,德華街2(國強一街-國際路二段),"一般小型車格 週一至週五 08:00~18:00收費 10元/30分鐘,",false,false,false,APPROVED_SOURCE_TEXT,Approved by project owner after human review; status applied by Codex on 2026-07-17.
1AK,taoyuan-district,Taoyuan,莊敬路二段(寶慶路-富國路),"一般小型車格 週一至週五 08:00~18:00收費 10元/30分鐘,",false,false,false,APPROVED_SOURCE_TEXT,Approved by project owner after human review; status applied by Codex on 2026-07-17.
1AL,taoyuan-district,Taoyuan,莊一街(中正路-敬三街),"一般小型車格 週一至週五 08:00~18:00收費 10元/30分鐘,",false,false,false,APPROVED_SOURCE_TEXT,Approved by project owner after human review; status applied by Codex on 2026-07-17.
1AM,taoyuan-district,Taoyuan,莊二街(同安街-敬三街),"一般小型車格 週一至週五 08:00~18:00收費 10元/30分鐘,",false,false,false,APPROVED_SOURCE_TEXT,Approved by project owner after human review; status applied by Codex on 2026-07-17.
1AN,taoyuan-district,Taoyuan,公六街(三民路二段-新生路),"一般小型車格 週一至週日 07:00~20:00收費 15元/30分鐘,",false,false,false,APPROVED_SOURCE_TEXT,Approved by project owner after human review; status applied by Codex on 2026-07-17.
1AO,taoyuan-district,Taoyuan,巨蛋園區-第三停車場(德育街-),"一般小型車格 週一至週五 08:00~20:00收費 10元/30分鐘,",false,false,false,APPROVED_SOURCE_TEXT,Approved by project owner after human review; status applied by Codex on 2026-07-17.
1AP,taoyuan-district,Taoyuan,巨蛋園區-第四停車場(德育街-),"一般小型車格 週一至週五 08:00~20:00收費 10元/30分鐘,",false,false,false,APPROVED_SOURCE_TEXT,Approved by project owner after human review; status applied by Codex on 2026-07-17.
1AQ,taoyuan-district,Taoyuan,巨蛋園區-第五停車場(德育街-),"一般小型車格 週一至週五 08:00~20:00收費 10元/30分鐘,",false,false,false,APPROVED_SOURCE_TEXT,Approved by project owner after human review; status applied by Codex on 2026-07-17.
1AR,taoyuan-district,Taoyuan,巨蛋園區-第六停車場(德育街-),"一般小型車格 週一至週五 08:00~20:00收費 10元/30分鐘,",false,false,false,APPROVED_SOURCE_TEXT,Approved by project owner after human review; status applied by Codex on 2026-07-17.
1AU,taoyuan-district,Taoyuan,大林路(桃鶯路-昆明路),"一般小型車格 週一至週日 07:00~20:00收費 15元/30分鐘,",false,false,false,APPROVED_SOURCE_TEXT,Approved by project owner after human review; status applied by Codex on 2026-07-17.
1AV,taoyuan-district,Taoyuan,建國路(桃鶯路-昆明路),"一般小型車格 週一至週五 08:00~18:00收費 10元/30分鐘,",false,false,false,APPROVED_SOURCE_TEXT,Approved by project owner after human review; status applied by Codex on 2026-07-17.
1AW,taoyuan-district,Taoyuan,福吉一街(昆明路-延平路),"一般小型車格 週一至週五 08:00~18:00收費 10元/30分鐘,",false,false,false,APPROVED_SOURCE_TEXT,Approved by project owner after human review; status applied by Codex on 2026-07-17.
1AX,taoyuan-district,Taoyuan,福吉二街(福吉一街-福吉三街),"一般小型車格 週一至週五 08:00~18:00收費 10元/30分鐘,",false,false,false,APPROVED_SOURCE_TEXT,Approved by project owner after human review; status applied by Codex on 2026-07-17.
1AY,taoyuan-district,Taoyuan,福吉三街(大林路-建國路),"一般小型車格 週一至週五 08:00~18:00收費 10元/30分鐘,",false,false,false,APPROVED_SOURCE_TEXT,Approved by project owner after human review; status applied by Codex on 2026-07-17.
1AZ,taoyuan-district,Taoyuan,桃鶯路(大林路-建成街),"一般小型車格 週一至週五 08:00~18:00收費 10元/30分鐘,",false,false,false,APPROVED_SOURCE_TEXT,Approved by project owner after human review; status applied by Codex on 2026-07-17.
1B0,taoyuan-district,Taoyuan,昆明路(大林路-建國路),"一般小型車格 週一至週五 08:00~18:00收費 10元/30分鐘,",false,false,false,APPROVED_SOURCE_TEXT,Approved by project owner after human review; status applied by Codex on 2026-07-17.
1B1,taoyuan-district,Taoyuan,民族路橋橋下空間(建國路-介壽路6巷),"一般小型車格 週一至週五 08:00~18:00收費 10元/30分鐘,",false,false,false,APPROVED_SOURCE_TEXT,Approved by project owner after human review; status applied by Codex on 2026-07-17.
1B4,taoyuan-district,Taoyuan,桃鶯路橋下(一)(林森路-紹興街),"一般小型車格 週一至週五 08:00~18:00收費 10元/30分鐘,",false,false,false,APPROVED_SOURCE_TEXT,Approved by project owner after human review; status applied by Codex on 2026-07-17.
1B7,taoyuan-district,Taoyuan,大興路(大有路-春日路),"一般小型車格 週一至週五 08:00~18:00收費 10元/30分鐘,",false,false,false,APPROVED_SOURCE_TEXT,Approved by project owner after human review; status applied by Codex on 2026-07-17.
1B8,taoyuan-district,Taoyuan,江南二街(龍安街14巷-茄苳溪旁),"一般小型車格 週一至週五 08:00~18:00收費 10元/30分鐘,",false,false,false,APPROVED_SOURCE_TEXT,Approved by project owner after human review; status applied by Codex on 2026-07-17.
1BC,taoyuan-district,Taoyuan,延平路(樹林一街-樹林二街),"一般小型車格 週一至週五 08:00~18:00收費 10元/30分鐘,",false,false,false,APPROVED_SOURCE_TEXT,Approved by project owner after human review; status applied by Codex on 2026-07-17.
1BD,taoyuan-district,Taoyuan,中平路(中山路-宏昌十三街),"一般小型車格 週一至週五 08:00~18:00收費 10元/30分鐘,",false,false,false,APPROVED_SOURCE_TEXT,Approved by project owner after human review; status applied by Codex on 2026-07-17.
1BE,taoyuan-district,Taoyuan,信光路(正康二街-正康三街),"一般小型車格 週一至週五 08:00~18:00收費 10元/30分鐘,",false,false,false,APPROVED_SOURCE_TEXT,Approved by project owner after human review; status applied by Codex on 2026-07-17.
1BR,taoyuan-district,Taoyuan,龍祥街(龍泉二街-龍泉六街),"一般小型車格 週一至週五 08:00~18:00收費 10元/30分鐘,",false,false,false,APPROVED_SOURCE_TEXT,Approved by project owner after human review; status applied by Codex on 2026-07-17.
1BT,taoyuan-district,Taoyuan,南通公園(南通路-五福三街),"一般小型車格 週一至週五 08:00~18:00收費 10元/30分鐘,",false,false,false,APPROVED_SOURCE_TEXT,Approved by project owner after human review; status applied by Codex on 2026-07-17.
1BW,taoyuan-district,Taoyuan,正康二街(信光路-美光街),"一般小型車格 週一至週五 08:00~18:00收費 10元/30分鐘,",false,false,false,APPROVED_SOURCE_TEXT,Approved by project owner after human review; status applied by Codex on 2026-07-17.
1BX,taoyuan-district,Taoyuan,江南四街(上海路-茄苳溪旁),"一般小型車格 週一至週五 08:00~18:00收費 10元/30分鐘,",false,false,false,APPROVED_SOURCE_TEXT,Approved by project owner after human review; status applied by Codex on 2026-07-17.
1BZ,taoyuan-district,Taoyuan,大林路(機車)(桃鶯路-昆明路),"機車車格 週一至週日 08:00~18:00收費 20元/次,",false,false,false,APPROVED_SOURCE_TEXT,Approved by project owner after human review; status applied by Codex on 2026-07-17.
1CA,taoyuan-district,Taoyuan,中山東路126巷(中山東路-成功路二段),"一般小型車格 週一至週五 08:00~18:00收費 10元/30分鐘,",false,false,false,APPROVED_SOURCE_TEXT,Approved by project owner after human review; status applied by Codex on 2026-07-17.
1CB,taoyuan-district,Taoyuan,介壽路(保羅街-介新街),"一般小型車格 週一至週五 08:00~18:00收費 10元/30分鐘,",false,false,false,APPROVED_SOURCE_TEXT,Approved by project owner after human review; status applied by Codex on 2026-07-17.
1CC,taoyuan-district,Taoyuan,南豐三街(介壽路-南豐街),"一般小型車格 週一至週五 08:00~18:00收費 10元/30分鐘,",false,false,false,APPROVED_SOURCE_TEXT,Approved by project owner after human review; status applied by Codex on 2026-07-17.
1CD,taoyuan-district,Taoyuan,建新街(保羅街-長沙街),"一般小型車格 週一至週五 08:00~18:00收費 10元/30分鐘,",false,false,false,APPROVED_SOURCE_TEXT,Approved by project owner after human review; status applied by Codex on 2026-07-17.
1CE,taoyuan-district,Taoyuan,長沙街(介壽路-建新街),"一般小型車格 週一至週五 08:00~18:00收費 10元/30分鐘,",false,false,false,APPROVED_SOURCE_TEXT,Approved by project owner after human review; status applied by Codex on 2026-07-17.
1CF,taoyuan-district,Taoyuan,保羅街(介壽路-建新街),"一般小型車格 週一至週五 08:00~18:00收費 10元/30分鐘,",false,false,false,APPROVED_SOURCE_TEXT,Approved by project owner after human review; status applied by Codex on 2026-07-17.
1CG,taoyuan-district,Taoyuan,陽明十二街(長沙街-介新街),"一般小型車格 週一至週五 08:00~18:00收費 10元/30分鐘,",false,false,false,APPROVED_SOURCE_TEXT,Approved by project owner after human review; status applied by Codex on 2026-07-17.
1CH,taoyuan-district,Taoyuan,陽明五街(長沙街-介新街),"一般小型車格 週一至週五 08:00~18:00收費 10元/30分鐘,",false,false,false,APPROVED_SOURCE_TEXT,Approved by project owner after human review; status applied by Codex on 2026-07-17.
1CI,taoyuan-district,Taoyuan,介新街(介壽路-陽明五街),"一般小型車格 週一至週五 08:00~18:00收費 10元/30分鐘,",false,false,false,APPROVED_SOURCE_TEXT,Approved by project owner after human review; status applied by Codex on 2026-07-17.
1CJ,taoyuan-district,Taoyuan,正康三街115巷(大連一街-正康三街),"一般小型車格 週一至週五 08:00~18:00收費 10元/30分鐘,",false,false,false,APPROVED_SOURCE_TEXT,Approved by project owner after human review; status applied by Codex on 2026-07-17.
1CK,taoyuan-district,Taoyuan,忠二路二巷(莒光街-中福街),"一般小型車格 週一至週五 08:00~18:00收費 10元/30分鐘,",false,false,false,APPROVED_SOURCE_TEXT,Approved by project owner after human review; status applied by Codex on 2026-07-17.
1CL,taoyuan-district,Taoyuan,大有路2(至善街-大有路786號),"一般小型車格 週一至週六 08:00~18:00收費 10元/30分鐘,",false,false,false,APPROVED_SOURCE_TEXT,Approved by project owner after human review; status applied by Codex on 2026-07-17.
1CM,taoyuan-district,Taoyuan,國豐五街(國強一街-國強八街),"一般小型車格 週一至週五 08:00~18:00收費 10元/30分鐘,",false,false,false,APPROVED_SOURCE_TEXT,Approved by project owner after human review; status applied by Codex on 2026-07-17.
1CN,taoyuan-district,Taoyuan,龍鳳三街(龍鳳三街65巷-龍鳳一街),"一般小型車格 週一至週五 08:00~18:00收費 10元/30分鐘,",false,false,false,APPROVED_SOURCE_TEXT,Approved by project owner after human review; status applied by Codex on 2026-07-17.
1CO,taoyuan-district,Taoyuan,龍泉五街(龍祥街-裕和街17巷),"一般小型車格 週一至週五 08:00~18:00收費 10元/30分鐘,",false,false,false,APPROVED_SOURCE_TEXT,Approved by project owner after human review; status applied by Codex on 2026-07-17.
1CP,taoyuan-district,Taoyuan,龍泉六街(龍祥街-裕和街17巷),"一般小型車格 週一至週五 08:00~18:00收費 10元/30分鐘,",false,false,false,APPROVED_SOURCE_TEXT,Approved by project owner after human review; status applied by Codex on 2026-07-17.
1CS,taoyuan-district,Taoyuan,中埔二街(大興西路二段-同德七街),"一般小型車格 週一至週五 08:00~18:00收費 10元/30分鐘,",false,false,false,APPROVED_SOURCE_TEXT,Approved by project owner after human review; status applied by Codex on 2026-07-17.
1CT,taoyuan-district,Taoyuan,同德七街(寶慶路-中埔二街),"一般小型車格 週一至週五 08:00~18:00收費 10元/30分鐘,",false,false,false,APPROVED_SOURCE_TEXT,Approved by project owner after human review; status applied by Codex on 2026-07-17.
1CU,taoyuan-district,Taoyuan,新埔五街(天祥三街-大興西路一段),"一般小型車格 週一至週五 08:00~18:00收費 10元/30分鐘,",false,false,false,APPROVED_SOURCE_TEXT,Approved by project owner after human review; status applied by Codex on 2026-07-17.
1CV,taoyuan-district,Taoyuan,三民路橋下(建國路-鐵路局圍牆側),"一般小型車格 週一至週五 08:00~18:00收費 10元/30分鐘,",false,false,false,APPROVED_SOURCE_TEXT,Approved by project owner after human review; status applied by Codex on 2026-07-17.
1CW,taoyuan-district,Taoyuan,龍安街(文中路-國強十一街),"一般小型車格 週一至週五 08:00~18:00收費 10元/30分鐘,",false,false,false,APPROVED_SOURCE_TEXT,Approved by project owner after human review; status applied by Codex on 2026-07-17.
1CX,taoyuan-district,Taoyuan,國際路一段(國際路一段950巷-國際路一段306號),"一般小型車格 週一至週五 08:00~18:00收費 10元/30分鐘,",false,false,false,APPROVED_SOURCE_TEXT,Approved by project owner after human review; status applied by Codex on 2026-07-17.
1CY,taoyuan-district,Taoyuan,慈文路(中正路-永安路),"一般小型車格 週一至週五 08:00~18:00收費 10元/30分鐘,",false,false,false,APPROVED_SOURCE_TEXT,Approved by project owner after human review; status applied by Codex on 2026-07-17.
1CZ,taoyuan-district,Taoyuan,慈光街(永安路-慈德街),"一般小型車格 週一至週五 08:00~18:00收費 10元/30分鐘,",false,false,false,APPROVED_SOURCE_TEXT,Approved by project owner after human review; status applied by Codex on 2026-07-17.
1DA,taoyuan-district,Taoyuan,天祥五街(經國路-新埔七街),"一般小型車格 週一至週五 08:00~18:00收費 10元/30分鐘,",false,false,false,APPROVED_SOURCE_TEXT,Approved by project owner after human review; status applied by Codex on 2026-07-17.
1DB,taoyuan-district,Taoyuan,經國路(經國國中前-經國國中前),"一般小型車格 週一至週五 08:00~18:00收費 10元/30分鐘,",false,false,false,APPROVED_SOURCE_TEXT,Approved by project owner after human review; status applied by Codex on 2026-07-17.
1DC,taoyuan-district,Taoyuan,健行路(春日路-大有路),"一般小型車格 週一至週五 08:00~18:00收費 10元/30分鐘,",false,false,false,APPROVED_SOURCE_TEXT,Approved by project owner after human review; status applied by Codex on 2026-07-17.
1DD,taoyuan-district,Taoyuan,德壽街(漢中路-德壽街),"一般小型車格 週一至週五 08:00~18:00收費 10元/30分鐘,",false,false,false,APPROVED_SOURCE_TEXT,Approved by project owner after human review; status applied by Codex on 2026-07-17.
1DE,taoyuan-district,Taoyuan,漢中路(德壽街-南豐二街),"一般小型車格 週一至週五 08:00~18:00收費 10元/30分鐘,",false,false,false,APPROVED_SOURCE_TEXT,Approved by project owner after human review; status applied by Codex on 2026-07-17.
1DF,taoyuan-district,Taoyuan,建國路2(南豐街-南山街),"一般小型車格 週一至週五 08:00~18:00收費 10元/30分鐘,",false,false,false,APPROVED_SOURCE_TEXT,Approved by project owner after human review; status applied by Codex on 2026-07-17.
1DG,taoyuan-district,Taoyuan,金門二街(延平路-復明四街),"一般小型車格 週一至週五 08:00~18:00收費 10元/30分鐘,",false,false,false,APPROVED_SOURCE_TEXT,Approved by project owner after human review; status applied by Codex on 2026-07-17.
1DH,taoyuan-district,Taoyuan,昆明路2(延平路-金門二街),"一般小型車格 週一至週五 08:00~18:00收費 10元/30分鐘,",false,false,false,APPROVED_SOURCE_TEXT,Approved by project owner after human review; status applied by Codex on 2026-07-17.
1DI,taoyuan-district,Taoyuan,吉昌街(中平路-國際路一段),"一般小型車格 週一至週五 08:00~18:00收費 10元/30分鐘,",false,false,false,APPROVED_SOURCE_TEXT,Approved by project owner after human review; status applied by Codex on 2026-07-17.
1DJ,taoyuan-district,Taoyuan,經國路251巷(同安街-經國路),"一般小型車格 週一至週五 08:00~18:00收費 10元/30分鐘,",false,false,false,APPROVED_SOURCE_TEXT,Approved by project owner after human review; status applied by Codex on 2026-07-17.
1DK,taoyuan-district,Taoyuan,民生路二(中山東路-慈文路),"一般小型車格 週一至週五 08:00~18:00收費 10元/30分鐘,",false,false,false,APPROVED_SOURCE_TEXT,Approved by project owner after human review; status applied by Codex on 2026-07-17.
1DL,taoyuan-district,Taoyuan,萬壽路(萬壽路三段-復興路),"一般小型車格 週一至週日 07:00~20:00收費 15元/30分鐘,",false,false,false,APPROVED_SOURCE_TEXT,Approved by project owner after human review; status applied by Codex on 2026-07-17.
1DM,taoyuan-district,Taoyuan,桃鶯陸橋下(萬壽路三段-鎮東街),"一般小型車格 週一至週日 07:00~20:00收費 15元/30分鐘,",false,false,false,APPROVED_SOURCE_TEXT,Approved by project owner after human review; status applied by Codex on 2026-07-17.
1DN,taoyuan-district,Taoyuan,鹽庫西街(春日路-鹽庫西街底),"一般小型車格 週一至週五 08:00~18:00收費 10元/30分鐘,",false,false,false,APPROVED_SOURCE_TEXT,Approved by project owner after human review; status applied by Codex on 2026-07-17.
1DO,taoyuan-district,Taoyuan,福元街(福元街136巷-福元街88巷),"一般小型車格 週一至週五 08:00~18:00收費 10元/30分鐘,",false,false,false,APPROVED_SOURCE_TEXT,Approved by project owner after human review; status applied by Codex on 2026-07-17.
1DP,taoyuan-district,Taoyuan,國豐三街一(龍鳳三街-國強七街),"一般小型車格 週一至週五 08:00~18:00收費 10元/30分鐘,",false,false,false,APPROVED_SOURCE_TEXT,Approved by project owner after human review; status applied by Codex on 2026-07-17.
1DQ,taoyuan-district,Taoyuan,敬二街(莊敬路二段-敬二街90號),"一般小型車格 週一至週五 08:00~18:00收費 10元/30分鐘,",false,false,false,APPROVED_SOURCE_TEXT,Approved by project owner after human review; status applied by Codex on 2026-07-17.
1DR,taoyuan-district,Taoyuan,汴洲公園停車場(大有路-鹽務路),"一般小型車格 週一至週五 08:00~18:00收費 10元/30分鐘,",false,false,false,APPROVED_SOURCE_TEXT,Approved by project owner after human review; status applied by Codex on 2026-07-17.
1DS,taoyuan-district,Taoyuan,正光路2(國際路二段-大興西路三段),"一般小型車格 週一至週五 08:00~18:00收費 10元/30分鐘,",false,false,false,APPROVED_SOURCE_TEXT,Approved by project owner after human review; status applied by Codex on 2026-07-17.
1DT,taoyuan-district,Taoyuan,泰昌三街(中山路-宏昌十三街),"一般小型車格 週一至週五 08:00~18:00收費 10元/30分鐘,",false,false,false,APPROVED_SOURCE_TEXT,Approved by project owner after human review; status applied by Codex on 2026-07-17.
1DU,taoyuan-district,Taoyuan,大慶街(龍泉五街-龍泉六街),"一般小型車格 週一至週五 08:00~18:00收費 10元/30分鐘,",false,false,false,APPROVED_SOURCE_TEXT,Approved by project owner after human review; status applied by Codex on 2026-07-17.
1DV,taoyuan-district,Taoyuan,復興路(機車)(萬壽路-中山路),"機車車格 週一至週日 07:00~20:00收費 5元/30分鐘,",false,false,false,APPROVED_SOURCE_TEXT,Approved by project owner after human review; status applied by Codex on 2026-07-17.
1DW,taoyuan-district,Taoyuan,縣府路後棟(機車)(縣府路-縣府路),"機車車格 週一至週六 07:00~20:00收費 5元/30分鐘,",false,false,false,APPROVED_SOURCE_TEXT,Approved by project owner after human review; status applied by Codex on 2026-07-17.
1DX,taoyuan-district,Taoyuan,壽山路(成功大廈旁-成功大廈旁),"一般小型車格 週一至週五 08:00~18:00收費 10元/30分鐘,",false,false,false,APPROVED_SOURCE_TEXT,Approved by project owner after human review; status applied by Codex on 2026-07-17.
1DY,taoyuan-district,Taoyuan,國聖二街(國鼎一街-宏昌十三街),"一般小型車格 週一至週五 08:00~18:00收費 10元/30分鐘,",false,false,false,APPROVED_SOURCE_TEXT,Approved by project owner after human review; status applied by Codex on 2026-07-17.
1DZ,taoyuan-district,Taoyuan,國鼎二街(國聖一街-國聖五街),"一般小型車格 週一至週五 08:00~18:00收費 10元/30分鐘,",false,false,false,APPROVED_SOURCE_TEXT,Approved by project owner after human review; status applied by Codex on 2026-07-17.
1E0,taoyuan-district,Taoyuan,民有十一街(民富九街-民富十一街),"一般小型車格 週一至週五 08:00~18:00收費 10元/30分鐘,",false,false,false,APPROVED_SOURCE_TEXT,Approved by project owner after human review; status applied by Codex on 2026-07-17.
1E1,taoyuan-district,Taoyuan,中正路2(機車)(復興路-慈文路),"機車車格 週一至週日 07:00~20:00收費 5元/30分鐘,",false,false,false,APPROVED_SOURCE_TEXT,Approved by project owner after human review; status applied by Codex on 2026-07-17.
1E2,taoyuan-district,Taoyuan,中山路(機車)(民生路-民族路),"機車車格 週一至週日 07:00~20:00收費 5元/30分鐘,",false,false,false,APPROVED_SOURCE_TEXT,Approved by project owner after human review; status applied by Codex on 2026-07-17.
1E3,taoyuan-district,Taoyuan,中華路(機車)(中正路-三民路三段),"機車車格 週一至週日 07:00~20:00收費 5元/30分鐘,",false,false,false,APPROVED_SOURCE_TEXT,Approved by project owner after human review; status applied by Codex on 2026-07-17.
1E4,taoyuan-district,Taoyuan,光影文化館旁(埔新路-埔新路4巷),"一般小型車格 週一至週五 08:00~18:00收費 10元/30分鐘,",false,false,false,APPROVED_SOURCE_TEXT,Approved by project owner after human review; status applied by Codex on 2026-07-17.
1E5,taoyuan-district,Taoyuan,中正路1(機車)(慈文路-莊二街),"機車車格 週一至週日 07:00~20:00收費 5元/30分鐘,",false,false,false,APPROVED_SOURCE_TEXT,Approved by project owner after human review; status applied by Codex on 2026-07-17.
1E6,taoyuan-district,Taoyuan,中山東路一(機車)(民生路-春日路),"機車車格 週一至週日 07:00~20:00收費 5元/30分鐘,",false,false,false,APPROVED_SOURCE_TEXT,Approved by project owner after human review; status applied by Codex on 2026-07-17.
1E7,taoyuan-district,Taoyuan,同德五街(機車)(中正路-新埔六街),"機車車格 週一至週日 07:00~20:00收費 5元/30分鐘,",false,false,false,APPROVED_SOURCE_TEXT,Approved by project owner after human review; status applied by Codex on 2026-07-17.
1E8,taoyuan-district,Taoyuan,南平路(機車)(寶慶路-南平橋),"機車車格 週一至週日 07:00~20:00收費 5元/30分鐘,",false,false,false,APPROVED_SOURCE_TEXT,Approved by project owner after human review; status applied by Codex on 2026-07-17.
1E9,taoyuan-district,Taoyuan,大興西路一(機車)(經國路-永安路),"機車車格 週一至週日 07:00~20:00收費 5元/30分鐘,",false,false,false,APPROVED_SOURCE_TEXT,Approved by project owner after human review; status applied by Codex on 2026-07-17.
1EA,taoyuan-district,Taoyuan,成功路前(機車)(民權路-春日路),"機車車格 週一至週日 07:00~20:00收費 5元/30分鐘,",false,false,false,APPROVED_SOURCE_TEXT,Approved by project owner after human review; status applied by Codex on 2026-07-17.
1EB,taoyuan-district,Taoyuan,寶山街(機車)(大業路一段-大有路),"機車車格 週一至週六 08:00~18:00收費 5元/30分鐘,",false,false,false,APPROVED_SOURCE_TEXT,Approved by project owner after human review; status applied by Codex on 2026-07-17.
1EC,taoyuan-district,Taoyuan,同德六街(機車)(中埔二街-新埔六街),"機車車格 週一至週五 08:00~18:00收費 5元/30分鐘,",false,false,false,APPROVED_SOURCE_TEXT,Approved by project owner after human review; status applied by Codex on 2026-07-17.
1ED,taoyuan-district,Taoyuan,新埔十街(機車)(莊敬路一段-天祥七街),"機車車格 週一至週五 08:00~18:00收費 5元/30分鐘,",false,false,false,APPROVED_SOURCE_TEXT,Approved by project owner after human review; status applied by Codex on 2026-07-17.
1EE,taoyuan-district,Taoyuan,大有梯田公園路側(寶山街-民有十五街),"一般小型車格 週一至週日 08:00~18:00收費 15元/30分鐘,",false,false,false,APPROVED_SOURCE_TEXT,Approved by project owner after human review; status applied by Codex on 2026-07-17.
1EF,taoyuan-district,Taoyuan,大豐路(延平路-樹林九街),"一般小型車格 週一至週五 08:00~18:00收費 10元/30分鐘,",false,false,false,APPROVED_SOURCE_TEXT,Approved by project owner after human review; status applied by Codex on 2026-07-17.
1EG,taoyuan-district,Taoyuan,國強二街(中山路1290巷-國強二街路底),"一般小型車格 週一至週五 08:00~18:00收費 10元/30分鐘,",false,false,false,APPROVED_SOURCE_TEXT,Approved by project owner after human review; status applied by Codex on 2026-07-17.
1EH,taoyuan-district,Taoyuan,大有梯田公園路側(機車計時)(寶山街-民有十五街),"機車車格 週一至週日 08:00~18:00收費 5元/30分鐘,",false,false,false,APPROVED_SOURCE_TEXT,Approved by project owner after human review; status applied by Codex on 2026-07-17.
1EI,taoyuan-district,Taoyuan,上海路(機車)(中山路-文中路),"機車車格 週一至週五 08:00~18:00收費 5元/30分鐘,",false,false,false,APPROVED_SOURCE_TEXT,Approved by project owner after human review; status applied by Codex on 2026-07-17.
1EJ,taoyuan-district,Taoyuan,國際路一段(機車)(國際路一段950巷-中路街),"機車車格 週一至週五 08:00~18:00收費 5元/30分鐘,",false,false,false,APPROVED_SOURCE_TEXT,Approved by project owner after human review; status applied by Codex on 2026-07-17.
1EK,taoyuan-district,Taoyuan,中山路一(機車)(三民路三段-育樂街),"機車車格 週一至週日 07:00~20:00收費 5元/30分鐘,",false,false,false,APPROVED_SOURCE_TEXT,Approved by project owner after human review; status applied by Codex on 2026-07-17.
1EL,taoyuan-district,Taoyuan,大有路(機車)(大興路-民光東路),"機車車格 週一至週六 08:00~18:00收費 5元/30分鐘,",false,false,false,APPROVED_SOURCE_TEXT,Approved by project owner after human review; status applied by Codex on 2026-07-17.
1EM,taoyuan-district,Taoyuan,國際路二段二(大興西路三段-永安路),"一般小型車格 週一至週五 08:00~18:00收費 10元/30分鐘,",false,false,false,APPROVED_SOURCE_TEXT,Approved by project owner after human review; status applied by Codex on 2026-07-17.
1EN,taoyuan-district,Taoyuan,民富九街(春日路-福元街),"一般小型車格 週一至週五 08:00~18:00收費 10元/30分鐘,",false,false,false,APPROVED_SOURCE_TEXT,Approved by project owner after human review; status applied by Codex on 2026-07-17.
1EO,taoyuan-district,Taoyuan,龍安街二(國強十一街-中山路),"一般小型車格 週一至週五 08:00~18:00收費 10元/30分鐘,",false,false,false,APPROVED_SOURCE_TEXT,Approved by project owner after human review; status applied by Codex on 2026-07-17.
1EP,taoyuan-district,Taoyuan,三元街407巷(宏善寺前-宏善寺前),"一般小型車格 週一至週日 08:00~18:00收費 15元/30分鐘,",false,false,false,APPROVED_SOURCE_TEXT,Approved by project owner after human review; status applied by Codex on 2026-07-17.
1EQ,taoyuan-district,Taoyuan,忠義公園側(民光東路-三元街),"一般小型車格 週一至週日 08:00~18:00收費 15元/30分鐘,",false,false,false,APPROVED_SOURCE_TEXT,Approved by project owner after human review; status applied by Codex on 2026-07-17.
1ER,taoyuan-district,Taoyuan,建國路61巷(建國路-建國路61巷底),"一般小型車格 週一至週五 08:00~18:00收費 10元/30分鐘,",false,false,false,APPROVED_SOURCE_TEXT,Approved by project owner after human review; status applied by Codex on 2026-07-17.
1ES,taoyuan-district,Taoyuan,成功路二段181巷(成功路二段-中山東路126巷),"一般小型車格 週一至週五 08:00~18:00收費 10元/30分鐘,",false,false,false,APPROVED_SOURCE_TEXT,Approved by project owner after human review; status applied by Codex on 2026-07-17.
1ET,taoyuan-district,Taoyuan,民生路709巷(大連二街-民生路),"一般小型車格 週一至週五 08:00~18:00收費 10元/30分鐘,",false,false,false,APPROVED_SOURCE_TEXT,Approved by project owner after human review; status applied by Codex on 2026-07-17.
1EU,taoyuan-district,Taoyuan,大有路三(機車)(民光東路-三元街),"機車車格 週一至週六 08:00~18:00收費 5元/30分鐘,",false,false,false,APPROVED_SOURCE_TEXT,Approved by project owner after human review; status applied by Codex on 2026-07-17.
1EV,taoyuan-district,Taoyuan,三民路二(機車)(春日路-萬壽路),"機車車格 週一至週五 08:00~18:00收費 5元/30分鐘,",false,false,false,APPROVED_SOURCE_TEXT,Approved by project owner after human review; status applied by Codex on 2026-07-17.
1EW,taoyuan-district,Taoyuan,民權路(機車)(大同路-三民路三段),"機車車格 週一至週日 07:00~20:00收費 5元/30分鐘,",false,false,false,APPROVED_SOURCE_TEXT,Approved by project owner after human review; status applied by Codex on 2026-07-17.
1EX,taoyuan-district,Taoyuan,力行路(機車)(國際路二段-永安路),"機車車格 週一至週五 08:00~18:00收費 5元/30分鐘,",false,false,false,APPROVED_SOURCE_TEXT,Approved by project owner after human review; status applied by Codex on 2026-07-17.
1EY,taoyuan-district,Taoyuan,延平路2(大林路-樹仁一街),"一般小型車格 週一至週五 08:00~18:00收費 10元/30分鐘,",false,false,false,APPROVED_SOURCE_TEXT,Approved by project owner after human review; status applied by Codex on 2026-07-17.
1EZ,taoyuan-district,Taoyuan,樹仁二街(桃鶯路-建新街),"一般小型車格 週一至週五 08:00~18:00收費 10元/30分鐘,",false,false,false,APPROVED_SOURCE_TEXT,Approved by project owner after human review; status applied by Codex on 2026-07-17.
1F0,taoyuan-district,Taoyuan,樹仁三街(桃鶯路-延平路),"一般小型車格 週一至週五 08:00~18:00收費 10元/30分鐘,",false,false,false,APPROVED_SOURCE_TEXT,Approved by project owner after human review; status applied by Codex on 2026-07-17.
1F1,taoyuan-district,Taoyuan,成功路三段115巷(成功路三段-三元街),"一般小型車格 週一至週五 08:00~18:00收費 10元/30分鐘,",false,false,false,APPROVED_SOURCE_TEXT,Approved by project owner after human review; status applied by Codex on 2026-07-17.
1F2,taoyuan-district,Taoyuan,中正五街(永康街-大連一街),"一般小型車格 週一至週五 08:00~18:00收費 10元/30分鐘,",false,false,false,APPROVED_SOURCE_TEXT,Approved by project owner after human review; status applied by Codex on 2026-07-17.
1F3,taoyuan-district,Taoyuan,復興路441巷(復興路-),"一般小型車格 週一至週日 07:00~20:00收費 15元/30分鐘,",false,false,false,APPROVED_SOURCE_TEXT,Approved by project owner after human review; status applied by Codex on 2026-07-17.
1F4,taoyuan-district,Taoyuan,民族路(機車)(復興路-中山路),"機車車格 週一至週日 07:00~20:00收費 5元/30分鐘,",false,false,false,APPROVED_SOURCE_TEXT,Approved by project owner after human review; status applied by Codex on 2026-07-17.
1F5,taoyuan-district,Taoyuan,力行路2(中正路-永安路),"一般小型車格 週一至週五 08:00~18:00收費 10元/30分鐘,",false,false,false,APPROVED_SOURCE_TEXT,Approved by project owner after human review; status applied by Codex on 2026-07-17.
1F6,taoyuan-district,Taoyuan,大興西路二段69巷(大興西路二段-同德二街),"一般小型車格 週一至週日 07:00~20:00收費 15元/30分鐘,",false,false,false,APPROVED_SOURCE_TEXT,Approved by project owner after human review; status applied by Codex on 2026-07-17.
1F7,taoyuan-district,Taoyuan,公六街(機車)(三民路二段-新生路),"機車車格 週一至週日 07:00~20:00收費 5元/30分鐘,",false,false,false,APPROVED_SOURCE_TEXT,Approved by project owner after human review; status applied by Codex on 2026-07-17.
1F8,taoyuan-district,Taoyuan,樹林九街(昆明路-金門二街),"一般小型車格 週一至週五 08:00~18:00收費 10元/30分鐘,",false,false,false,APPROVED_SOURCE_TEXT,Approved by project owner after human review; status applied by Codex on 2026-07-17.
1F9,taoyuan-district,Taoyuan,永安路167巷(永安路-中福街),"一般小型車格 週一至週五 08:00~18:00收費 10元/30分鐘,",false,false,false,APPROVED_SOURCE_TEXT,Approved by project owner after human review; status applied by Codex on 2026-07-17.
1FA,taoyuan-district,Taoyuan,介壽路419巷(建國國中)(介新街-介壽路),"一般小型車格 週一至週五 08:00~18:00收費 10元/30分鐘,",false,false,false,APPROVED_SOURCE_TEXT,Approved by project owner after human review; status applied by Codex on 2026-07-17.
1FB,taoyuan-district,Taoyuan,虎頭山創新園區(成功路三段-),"一般小型車格 週一至週五 08:00~18:00收費 10元/30分鐘,",false,false,false,APPROVED_SOURCE_TEXT,Approved by project owner after human review; status applied by Codex on 2026-07-17.
1FC,taoyuan-district,Taoyuan,新永和市場前(機車)(三元街-中央街),"機車車格 週一至週五 08:00~18:00收費 20元/次,",false,false,false,APPROVED_SOURCE_TEXT,Approved by project owner after human review; status applied by Codex on 2026-07-17.
1FD,taoyuan-district,Taoyuan,新埔五街(機車)(天祥三街-大興西路一段),"機車車格 週一至週五 08:00~18:00收費 5元/30分鐘,",false,false,false,APPROVED_SOURCE_TEXT,Approved by project owner after human review; status applied by Codex on 2026-07-17.
1FE,taoyuan-district,Taoyuan,民生路(機車)(復興路-慈文路),"機車車格 週一至週日 07:00~20:00收費 5元/30分鐘,",false,false,false,APPROVED_SOURCE_TEXT,Approved by project owner after human review; status applied by Codex on 2026-07-17.
1FF,taoyuan-district,Taoyuan,南華街(機車)(復興路-中山路),"機車車格 週一至週日 07:00~20:00收費 5元/30分鐘,",false,false,false,APPROVED_SOURCE_TEXT,Approved by project owner after human review; status applied by Codex on 2026-07-17.
1FG,taoyuan-district,Taoyuan,大業路(機車)(三元街-健行路),"機車車格 週一至週六 08:00~18:00收費 5元/30分鐘,",false,false,false,APPROVED_SOURCE_TEXT,Approved by project owner after human review; status applied by Codex on 2026-07-17.
1FH,taoyuan-district,Taoyuan,翔鷺埤塘生態公園(中山路1216巷-),"一般小型車格 週一至週五 08:00~18:00收費 10元/30分鐘,",false,false,false,APPROVED_SOURCE_TEXT,Approved by project owner after human review; status applied by Codex on 2026-07-17.
1FI,taoyuan-district,Taoyuan,裕和街(中華路-中山路1288巷),"一般小型車格 週一至週五 08:00~18:00收費 10元/30分鐘,",false,false,false,APPROVED_SOURCE_TEXT,Approved by project owner after human review; status applied by Codex on 2026-07-17.
1FJ,taoyuan-district,Taoyuan,裕和街17巷(裕和街-),"一般小型車格 週一至週五 08:00~18:00收費 10元/30分鐘,",false,false,false,APPROVED_SOURCE_TEXT,Approved by project owner after human review; status applied by Codex on 2026-07-17.
1FK,taoyuan-district,Taoyuan,溫州街(大興西路二段139巷-永安路),"一般小型車格 週一至週五 08:00~18:00收費 10元/30分鐘,",false,false,false,APPROVED_SOURCE_TEXT,Approved by project owner after human review; status applied by Codex on 2026-07-17.
1FL,taoyuan-district,Taoyuan,桃鶯路92巷底(雲林公園)(桃鶯路92巷-),"一般小型車格 週一至週五 08:00~18:00收費 10元/30分鐘,",false,false,false,APPROVED_SOURCE_TEXT,Approved by project owner after human review; status applied by Codex on 2026-07-17.
1FM,taoyuan-district,Taoyuan,法治路(守法路-正光路),"一般小型車格 週一至週日 07:00~20:00收費 第一30分鐘收費15元，第二30分鐘收費20元，第三30分鐘收費25元,",false,false,false,APPROVED_SOURCE_TEXT,Approved by project owner after human review; status applied by Codex on 2026-07-17.
1FN,taoyuan-district,Taoyuan,大有梯田公園路側(機車計次)(寶山街-民有十五街),"機車車格 週一至週日 08:00~18:00收費 30元/次,",false,false,false,APPROVED_SOURCE_TEXT,Approved by project owner after human review; status applied by Codex on 2026-07-17.
1FO,taoyuan-district,Taoyuan,三元街(大業路一段-大有路),"一般小型車格 週一至週日 08:00~18:00收費 15元/30分鐘,",false,false,false,APPROVED_SOURCE_TEXT,Approved by project owner after human review; status applied by Codex on 2026-07-17.
1FP,taoyuan-district,Taoyuan,會稽一街(雙峰路-大德一街),"一般小型車格 週一至週五 08:00~18:00收費 10元/30分鐘,",false,false,false,APPROVED_SOURCE_TEXT,Approved by project owner after human review; status applied by Codex on 2026-07-17.
1FQ,taoyuan-district,Taoyuan,力行路2(機車)(中正路-永安路),"機車車格 週一至週五 08:00~18:00收費 5元/30分鐘,",false,false,false,APPROVED_SOURCE_TEXT,Approved by project owner after human review; status applied by Codex on 2026-07-17.
1FR,taoyuan-district,Taoyuan,寶慶路(機車)(大興西路-莊敬路),"機車車格 週一至週六 08:00~18:00收費 5元/30分鐘,",false,false,false,APPROVED_SOURCE_TEXT,Approved by project owner after human review; status applied by Codex on 2026-07-17.
1FS,taoyuan-district,Taoyuan,三元街2(大有路-三元街407巷),"一般小型車格 週一至週日 08:00~18:00收費 15元/30分鐘,",false,false,false,APPROVED_SOURCE_TEXT,Approved by project owner after human review; status applied by Codex on 2026-07-17.
1FT,taoyuan-district,Taoyuan,中山路1216巷(中山路1216巷-中山路1308巷),"一般小型車格 週一至週五 08:00~18:00收費 10元/30分鐘,",false,false,false,APPROVED_SOURCE_TEXT,Approved by project owner after human review; status applied by Codex on 2026-07-17.
1FU,taoyuan-district,Taoyuan,中山路1308巷(中山路1308巷-中山路1216巷),"一般小型車格 週一至週五 08:00~18:00收費 10元/30分鐘,",false,false,false,APPROVED_SOURCE_TEXT,Approved by project owner after human review; status applied by Codex on 2026-07-17.
1FV,taoyuan-district,Taoyuan,南豐二街(漢中路-德壽街),"一般小型車格 週一至週五 08:00~18:00收費 10元/30分鐘,",false,false,false,APPROVED_SOURCE_TEXT,Approved by project owner after human review; status applied by Codex on 2026-07-17.
1FW,taoyuan-district,Taoyuan,寶山街(大業路一段-大有路),"一般小型車格 週一至週六 08:00~18:00收費 10元/30分鐘,",false,false,false,APPROVED_SOURCE_TEXT,Approved by project owner after human review; status applied by Codex on 2026-07-17.
1FX,taoyuan-district,Taoyuan,法治路(機車)(守法路-正光路),"機車車格 週一至週五 08:00~18:00收費 5元/30分鐘,",false,false,false,APPROVED_SOURCE_TEXT,Approved by project owner after human review; status applied by Codex on 2026-07-17.
1FY,taoyuan-district,Taoyuan,南豐二街(機車)(漢中路-德壽街),"機車車格 週一至週五 08:00~18:00收費 5元/30分鐘,",false,false,false,APPROVED_SOURCE_TEXT,Approved by project owner after human review; status applied by Codex on 2026-07-17.
1FZ,taoyuan-district,Taoyuan,新埔六街(機車)(大興西路一段-南平路),"機車車格 週一至週日 07:00~20:00收費 5元/30分鐘,",false,false,false,APPROVED_SOURCE_TEXT,Approved by project owner after human review; status applied by Codex on 2026-07-17.
1G0,taoyuan-district,Taoyuan,國聖一街(吉昌街-宏昌十三街),"一般小型車格 週一至週五 08:00~18:00收費 10元/30分鐘,",false,false,false,APPROVED_SOURCE_TEXT,Approved by project owner after human review; status applied by Codex on 2026-07-17.
1G1,taoyuan-district,Taoyuan,國豐六街(文中路-龍鳳三街),"一般小型車格 週一至週五 08:00~18:00收費 10元/30分鐘,",false,false,false,APPROVED_SOURCE_TEXT,Approved by project owner after human review; status applied by Codex on 2026-07-17.
1G2,taoyuan-district,Taoyuan,慈德街(中正五街-蓮華街),"一般小型車格 週一至週五 08:00~18:00收費 5元/30分鐘,",false,false,false,APPROVED_SOURCE_TEXT,Approved by project owner after human review; status applied by Codex on 2026-07-17.
1G3,taoyuan-district,Taoyuan,樹仁三街2(延平路-建新街),"一般小型車格 週一至週五 08:00~18:00收費 10元/30分鐘,",false,false,false,APPROVED_SOURCE_TEXT,Approved by project owner after human review; status applied by Codex on 2026-07-17.
1G4,taoyuan-district,Taoyuan,介新街2(陽明五街-建新街),"一般小型車格 週一至週五 08:00~18:00收費 10元/30分鐘,",false,false,false,APPROVED_SOURCE_TEXT,Approved by project owner after human review; status applied by Codex on 2026-07-17.
1G5,taoyuan-district,Taoyuan,國際路一段2(中山路-宏昌十三街),"一般小型車格 週一至週五 08:00~18:00收費 10元/30分鐘,",false,false,false,APPROVED_SOURCE_TEXT,Approved by project owner after human review; status applied by Codex on 2026-07-17.
1G6,taoyuan-district,Taoyuan,龍鳳三街65巷(龍鳳三街-中華路),"一般小型車格 週一至週五 08:00~18:00收費 10元/30分鐘,",false,false,false,APPROVED_SOURCE_TEXT,Approved by project owner after human review; status applied by Codex on 2026-07-17.
1G7,taoyuan-district,Taoyuan,中寧街(機車)(中正路-中埔六街),"機車車格 週一至週日 07:00~20:00收費 5元/30分鐘,",false,false,false,APPROVED_SOURCE_TEXT,Approved by project owner after human review; status applied by Codex on 2026-07-17.
1G8,taoyuan-district,Taoyuan,南昌森林運動公園(向善街-),"一般小型車格 週一至週日 08:00~18:00收費 10元/30分鐘,",false,false,false,APPROVED_SOURCE_TEXT,Approved by project owner after human review; status applied by Codex on 2026-07-17.
1G9,taoyuan-district,Taoyuan,經國路2(春日路-有恆路),"一般小型車格 週一至週五 08:00~18:00收費 10元/30分鐘,",false,false,false,APPROVED_SOURCE_TEXT,Approved by project owner after human review; status applied by Codex on 2026-07-17.
1GA,taoyuan-district,Taoyuan,建成街(桃鶯路-建國路),"一般小型車格 週一至週五 08:00~18:00收費 10元/30分鐘,",false,false,false,APPROVED_SOURCE_TEXT,Approved by project owner after human review; status applied by Codex on 2026-07-17.
1GB,taoyuan-district,Taoyuan,龍泉五街(機車)(龍祥街-裕和街17巷),"機車車格 週一至週五 08:00~18:00收費 5元/30分鐘,",false,false,false,APPROVED_SOURCE_TEXT,Approved by project owner after human review; status applied by Codex on 2026-07-17.
1GC,taoyuan-district,Taoyuan,國豐三街(機車)(國強十三街-龍鳳三街),"一般小型車格 週一至週五 08:00~18:00收費 5元/30分鐘,",false,false,false,APPROVED_SOURCE_TEXT,Approved by project owner after human review; status applied by Codex on 2026-07-17.
1GD,taoyuan-district,Taoyuan,經國一路(幸福路-有恆路),"一般小型車格 週一至週五 08:00~18:00收費 10元/30分鐘,",false,false,false,APPROVED_SOURCE_TEXT,Approved by project owner after human review; status applied by Codex on 2026-07-17.
1GE,taoyuan-district,Taoyuan,經國二路(幸福路-有恆路),"一般小型車格 週一至週五 08:00~18:00收費 10元/30分鐘,",false,false,false,APPROVED_SOURCE_TEXT,Approved by project owner after human review; status applied by Codex on 2026-07-17.
1GF,taoyuan-district,Taoyuan,有恆路(經國路-水岸路),"一般小型車格 週一至週五 08:00~18:00收費 10元/30分鐘,",false,false,false,APPROVED_SOURCE_TEXT,Approved by project owner after human review; status applied by Codex on 2026-07-17.
1GG,taoyuan-district,Taoyuan,桃園區聯合辦公大樓前(國強一街-國強八街),"一般小型車格 週一至週五 08:00~18:00收費 15元/30分鐘,",false,false,false,APPROVED_SOURCE_TEXT,Approved by project owner after human review; status applied by Codex on 2026-07-17.
1GH,taoyuan-district,Taoyuan,鎮撫街(自強路-三民路一段),"一般小型車格 週一至週五 08:00~18:00收費 10元/30分鐘,",false,false,false,APPROVED_SOURCE_TEXT,Approved by project owner after human review; status applied by Codex on 2026-07-17.
1GI,taoyuan-district,Taoyuan,水汴一路(幸福路-經國路),"一般小型車格 週一至週五 08:00~18:00收費 10元/30分鐘,",false,false,false,APPROVED_SOURCE_TEXT,Approved by project owner after human review; status applied by Codex on 2026-07-17.
1GJ,taoyuan-district,Taoyuan,宏昌九街(泰昌十一街-泰昌十三街),"一般小型車格 週一至週五 08:00~18:00收費 10元/30分鐘,",false,false,false,APPROVED_SOURCE_TEXT,Approved by project owner after human review; status applied by Codex on 2026-07-17.
1GK,taoyuan-district,Taoyuan,泰昌十街(中州街-吉昌街),"一般小型車格 週一至週五 08:00~18:00收費 10元/30分鐘,",false,false,false,APPROVED_SOURCE_TEXT,Approved by project owner after human review; status applied by Codex on 2026-07-17.
1GL,taoyuan-district,Taoyuan,中福街(三民路三段-中山北路),"一般小型車格 週一至週五 08:00~18:00收費 10元/30分鐘,",false,false,false,APPROVED_SOURCE_TEXT,Approved by project owner after human review; status applied by Codex on 2026-07-17.
1GM,taoyuan-district,Taoyuan,永安路(中山路-三民路三段),"一般小型車格 週一至週日 07:00~20:00收費 第一30分鐘收費20元，第二30分鐘收費20元，第三30分鐘收費25元,",false,false,false,APPROVED_SOURCE_TEXT,Approved by project owner after human review; status applied by Codex on 2026-07-17.
1GN,taoyuan-district,Taoyuan,寶山街210巷(寶山街-雙峰路),"一般小型車格 週一至週五 08:00~18:00收費 10元/30分鐘,",false,false,false,APPROVED_SOURCE_TEXT,Approved by project owner after human review; status applied by Codex on 2026-07-17.
1GO,taoyuan-district,Taoyuan,寶山街210巷35弄(寶山街210巷-雙峰路),"一般小型車格 週一至週五 08:00~18:00收費 10元/30分鐘,",false,false,false,APPROVED_SOURCE_TEXT,Approved by project owner after human review; status applied by Codex on 2026-07-17.
1GP,taoyuan-district,Taoyuan,經國路248巷(經國路-經國路248巷),"一般小型車格 週一至週五 08:00~18:00收費 10元/30分鐘,",false,false,false,APPROVED_SOURCE_TEXT,Approved by project owner after human review; status applied by Codex on 2026-07-17.
1GQ,taoyuan-district,Taoyuan,慈光街1(慈德街-慈光街路底),"一般小型車格 週一至週五 07:00~20:00收費 10元/30分鐘,",false,false,false,APPROVED_SOURCE_TEXT,Approved by project owner after human review; status applied by Codex on 2026-07-17.
1GT,taoyuan-district,Taoyuan,永安路1(三民路三段-大興西路三段),"一般小型車格 週一至週日 07:00~20:00收費 20元/30分鐘,",false,false,false,APPROVED_SOURCE_TEXT,Approved by project owner after human review; status applied by Codex on 2026-07-17.
1GU,taoyuan-district,Taoyuan,成功路三段(大有路-虎頭山公園),"一般小型車格 週一至週日 07:00~20:00收費 15元/30分鐘,",false,false,false,APPROVED_SOURCE_TEXT,Approved by project owner after human review; status applied by Codex on 2026-07-17.
1GV,taoyuan-district,Taoyuan,三民路三段(機車)(中山路-春日路),"機車車格 週一至週日 07:00~20:00收費 5元/30分鐘,",false,false,false,APPROVED_SOURCE_TEXT,Approved by project owner after human review; status applied by Codex on 2026-07-17.
1GW,taoyuan-district,Taoyuan,守法路(機車)(中山路-廈門街),"一般小型車格 週一至週日 07:00~20:00收費 5元/30分鐘,",false,false,false,APPROVED_SOURCE_TEXT,Approved by project owner after human review; status applied by Codex on 2026-07-17.
1GX,taoyuan-district,Taoyuan,莊二街(機車)(寶慶路-同安街),"機車車格 週一至週五 08:00~18:00收費 5元/30分鐘,",false,false,false,APPROVED_SOURCE_TEXT,Approved by project owner after human review; status applied by Codex on 2026-07-17.
1GY,taoyuan-district,Taoyuan,中州街(中平路-壽昌街),"一般小型車格 週一至週五 08:00~18:00收費 10元/30分鐘,",false,false,false,APPROVED_SOURCE_TEXT,Approved by project owner after human review; status applied by Codex on 2026-07-17.
1GZ,taoyuan-district,Taoyuan,天祥三街(機車)(經國路-大興西路一段),"機車車格 週一至週五 08:00~18:00收費 5元/30分鐘,",false,false,false,APPROVED_SOURCE_TEXT,Approved by project owner after human review; status applied by Codex on 2026-07-17.
1H0,taoyuan-district,Taoyuan,中平路(機車)(中山路-宏昌十三街),"機車車格 週一至週五 08:00~18:00收費 5元/30分鐘,",false,false,false,APPROVED_SOURCE_TEXT,Approved by project owner after human review; status applied by Codex on 2026-07-17.
1H1,taoyuan-district,Taoyuan,泰昌八街(宏昌六街-中州街),"一般小型車格 週一至週五 08:00~18:00收費 10元/30分鐘,",false,false,false,APPROVED_SOURCE_TEXT,Approved by project owner after human review; status applied by Codex on 2026-07-17.
1H2,taoyuan-district,Taoyuan,正光二街(機車)(正光路-文中三路),"機車車格 週一至週五 08:00~18:00收費 5元/30分鐘,",false,false,false,APPROVED_SOURCE_TEXT,Approved by project owner after human review; status applied by Codex on 2026-07-17.
1H3,taoyuan-district,Taoyuan,中山路3(民族路-復興路),"一般小型車格 週一至週日 07:00~20:00收費 20元/30分鐘,",false,false,false,APPROVED_SOURCE_TEXT,Approved by project owner after human review; status applied by Codex on 2026-07-17.
1H4,taoyuan-district,Taoyuan,春日路(三民路二段-莊敬路二段),"一般小型車格 週一至週五 08:00~18:00收費 10元/30分鐘,",false,false,false,APPROVED_SOURCE_TEXT,Approved by project owner after human review; status applied by Codex on 2026-07-17.
1H5,taoyuan-district,Taoyuan,經國路336巷(經國路-無尾路),"一般小型車格 週一至週五 08:00~18:00收費 10元/30分鐘,",false,false,false,APPROVED_SOURCE_TEXT,Approved by project owner after human review; status applied by Codex on 2026-07-17.
1H6,taoyuan-district,Taoyuan,日光路(三民路二段-民光路),"一般小型車格 週一至週五 08:00~18:00收費 10元/30分鐘,",false,false,false,APPROVED_SOURCE_TEXT,Approved by project owner after human review; status applied by Codex on 2026-07-17.
1H7,taoyuan-district,Taoyuan,國際路二段2(機車)(大興西路三段-永安路),"機車車格 週一至週五 08:00~18:00收費 5元/30分鐘,",false,false,false,APPROVED_SOURCE_TEXT,Approved by project owner after human review; status applied by Codex on 2026-07-17.
1H8,taoyuan-district,Taoyuan,介壽路495巷(介壽路-路底),"一般小型車格 週一至週五 08:00~18:00收費 10元/30分鐘,",false,false,false,APPROVED_SOURCE_TEXT,Approved by project owner after human review; status applied by Codex on 2026-07-17.
1H9,taoyuan-district,Taoyuan,幸福路(水岸街-春日路),"一般小型車格 週一至週日 08:00~18:00收費 10元/30分鐘,",false,false,false,APPROVED_SOURCE_TEXT,Approved by project owner after human review; status applied by Codex on 2026-07-17.
1I1,taoyuan-district,Taoyuan,保定二街(民安路-保定一街),"一般小型車格 週一至週五 08:00~18:00收費 10元/30分鐘,",false,false,false,APPROVED_SOURCE_TEXT,Approved by project owner after human review; status applied by Codex on 2026-07-17.
1I2,taoyuan-district,Taoyuan,國強十三街(國豐三街-國豐八街),"一般小型車格 週一至週五 08:00~18:00收費 10元/30分鐘,",false,false,false,APPROVED_SOURCE_TEXT,Approved by project owner after human review; status applied by Codex on 2026-07-17.
1I3,taoyuan-district,Taoyuan,永安北路(寶慶路-安慶街),"一般小型車格 週一至週五 08:00~18:00收費 10元/30分鐘,",false,false,false,APPROVED_SOURCE_TEXT,Approved by project owner after human review; status applied by Codex on 2026-07-17.
1I4,taoyuan-district,Taoyuan,桃鶯路2(建成街-大仁路),"一般小型車格 週一至週五 08:00~18:00收費 10元/30分鐘,",false,false,false,APPROVED_SOURCE_TEXT,Approved by project owner after human review; status applied by Codex on 2026-07-17.
1I5,taoyuan-district,Taoyuan,中山東路2(機車)(春日路-三民路),"機車車格 週一至週五 08:00~18:00收費 5元/30分鐘,",false,false,false,APPROVED_SOURCE_TEXT,Approved by project owner after human review; status applied by Codex on 2026-07-17.
1I6,taoyuan-district,Taoyuan,同德五街1(機車)(中正路-同德三街),"機車車格 週一至週日 07:00~20:00收費 5元/30分鐘,",false,false,false,APPROVED_SOURCE_TEXT,Approved by project owner after human review; status applied by Codex on 2026-07-17.
1I7,taoyuan-district,Taoyuan,中正路3(復興路-中山路),"一般小型車格 週一至週日 07:00~20:00收費 第一30分鐘收費20元，第二30分鐘收費20元，第三30分鐘收費25元,",false,false,false,APPROVED_SOURCE_TEXT,Approved by project owner after human review; status applied by Codex on 2026-07-17.
1I8,taoyuan-district,Taoyuan,春日路2(鎮東街-三民路二段),"一般小型車格 週一至週日 07:00~20:00收費 15元/30分鐘,",false,false,false,APPROVED_SOURCE_TEXT,Approved by project owner after human review; status applied by Codex on 2026-07-17.
1I9,taoyuan-district,Taoyuan,大同路(民生路-南華街),"一般小型車格 週一至週日 07:00~20:00收費 15元/30分鐘,",false,false,false,APPROVED_SOURCE_TEXT,Approved by project owner after human review; status applied by Codex on 2026-07-17.
1IA,taoyuan-district,Taoyuan,成功陸橋(三民路-陸橋底),"一般小型車格 週一至週日 07:00~20:00收費 15元/30分鐘,",false,false,false,APPROVED_SOURCE_TEXT,Approved by project owner after human review; status applied by Codex on 2026-07-17.
1IB,taoyuan-district,Taoyuan,中央街(成功路二段-民光東路),"一般小型車格 週一至週五 08:00~18:00收費 10元/30分鐘,",false,false,false,APPROVED_SOURCE_TEXT,Approved by project owner after human review; status applied by Codex on 2026-07-17.
1IC,taoyuan-district,Taoyuan,新埔七街(天祥五街-天祥七街),"一般小型車格 週一至週五 08:00~18:00收費 10元/30分鐘,",false,false,false,APPROVED_SOURCE_TEXT,Approved by project owner after human review; status applied by Codex on 2026-07-17.
1ID,taoyuan-district,Taoyuan,正康三街(慈文路-北埔路),"一般小型車格 週一至週五 08:00~18:00收費 10元/30分鐘,",false,false,false,APPROVED_SOURCE_TEXT,Approved by project owner after human review; status applied by Codex on 2026-07-17.
1IE,taoyuan-district,Taoyuan,金門二街(機車)(建新街-昆明路),"機車車格 週一至週五 08:00~18:00收費 5元/30分鐘,",false,false,false,APPROVED_SOURCE_TEXT,Approved by project owner after human review; status applied by Codex on 2026-07-17.
1IF,taoyuan-district,Taoyuan,保羅街(機車)(介壽路-建新街),"機車車格 週一至週五 08:00~18:00收費 5元/30分鐘,",false,false,false,APPROVED_SOURCE_TEXT,Approved by project owner after human review; status applied by Codex on 2026-07-17.
1IG,taoyuan-district,Taoyuan,桃德路(機車)(國際路一段98巷-中路街),"機車車格 週一至週五 08:00~18:00收費 5元/30分鐘,",false,false,false,APPROVED_SOURCE_TEXT,Approved by project owner after human review; status applied by Codex on 2026-07-17.
1IH,taoyuan-district,Taoyuan,朝陽街(機車)(中山東路-民光東路),"機車車格 週一至週五 08:00~18:00收費 5元/30分鐘,",false,false,false,APPROVED_SOURCE_TEXT,Approved by project owner after human review; status applied by Codex on 2026-07-17.
1IJ,taoyuan-district,Taoyuan,博愛路(中正路-南華街),"一般小型車格 週一至週日 07:00~20:00收費 15元/30分鐘,",false,false,false,APPROVED_SOURCE_TEXT,Approved by project owner after human review; status applied by Codex on 2026-07-17.
1IK,taoyuan-district,Taoyuan,中山路2(復興路-龍安街),"一般小型車格 週一至週日 07:00~20:00收費 15元/30分鐘,",false,false,false,APPROVED_SOURCE_TEXT,Approved by project owner after human review; status applied by Codex on 2026-07-17.
1IL,taoyuan-district,Taoyuan,中山北路(中山路-永安路),"一般小型車格 週一至週日 07:00~20:00收費 15元/30分鐘,",false,false,false,APPROVED_SOURCE_TEXT,Approved by project owner after human review; status applied by Codex on 2026-07-17.
1IM,taoyuan-district,Taoyuan,建國路61巷61弄(建國路61巷61弄-路底),"一般小型車格 週一至週五 08:00~18:00收費 10元/30分鐘,",false,false,false,APPROVED_SOURCE_TEXT,Approved by project owner after human review; status applied by Codex on 2026-07-17.
1IN,taoyuan-district,Taoyuan,國際路一段687巷(國際路一段687巷-路底),"一般小型車格 週一至週五 08:00~18:00收費 10元/30分鐘,",false,false,false,APPROVED_SOURCE_TEXT,Approved by project owner after human review; status applied by Codex on 2026-07-17.
1IO,taoyuan-district,Taoyuan,中山路二(機車)(復興路-龍安街),"機車車格 週一至週日 07:00~20:00收費 5元/30分鐘,",false,false,false,APPROVED_SOURCE_TEXT,Approved by project owner after human review; status applied by Codex on 2026-07-17.
1IP,taoyuan-district,Taoyuan,民族路(機車)(中山路-三民路三段),"機車車格 週一至週日 07:00~20:00收費 5元/30分鐘,",false,false,false,APPROVED_SOURCE_TEXT,Approved by project owner after human review; status applied by Codex on 2026-07-17.
1IQ,taoyuan-district,Taoyuan,慈文路(機車)(永安路-經國路),"機車車格 週一至週五 08:00~18:00收費 5元/30分鐘,",false,false,false,APPROVED_SOURCE_TEXT,Approved by project owner after human review; status applied by Codex on 2026-07-17.
1IR,taoyuan-district,Taoyuan,溫州一路(機車)(大興西路三段-永安路),"機車車格 週一至週五 08:00~18:00收費 5元/30分鐘,",false,false,false,APPROVED_SOURCE_TEXT,Approved by project owner after human review; status applied by Codex on 2026-07-17.
1IS,taoyuan-district,Taoyuan,正光一街(機車)(正光路-文中三路),"機車車格 週一至週五 08:00~18:00收費 5元/30分鐘,",false,false,false,APPROVED_SOURCE_TEXT,Approved by project owner after human review; status applied by Codex on 2026-07-17.
1IT,taoyuan-district,Taoyuan,中埔六街(機車)(同德六街-同德十一街),"機車車格 週一至週五 08:00~18:00收費 5元/30分鐘,",false,false,false,APPROVED_SOURCE_TEXT,Approved by project owner after human review; status applied by Codex on 2026-07-17.
1IU,taoyuan-district,Taoyuan,文中一路(機車)(文中路-正光路),"機車車格 週一至週五 08:00~18:00收費 5元/30分鐘,",false,false,false,APPROVED_SOURCE_TEXT,Approved by project owner after human review; status applied by Codex on 2026-07-17.
1IV,taoyuan-district,Taoyuan,延平路(機車)(大林路-建國路),"機車車格 週一至週日 08:00~18:00收費 20元/次,",false,false,false,APPROVED_SOURCE_TEXT,Approved by project owner after human review; status applied by Codex on 2026-07-17.
1IW,taoyuan-district,Taoyuan,文化街(南華街-三民路三段),"一般小型車格 週一至週日 07:00~20:00收費 20元/30分鐘,",false,false,false,APPROVED_SOURCE_TEXT,Approved by project owner after human review; status applied by Codex on 2026-07-17.
1IX,taoyuan-district,Taoyuan,文化街(機車)(南華街-三民路三段),"機車車格 週一至週日 07:00~20:00收費 5元/30分鐘,",false,false,false,APPROVED_SOURCE_TEXT,Approved by project owner after human review; status applied by Codex on 2026-07-17.
1IY,taoyuan-district,Taoyuan,龍壽街81巷(龍壽街-巷底),"一般小型車格 週一至週五 08:00~18:00收費 10元/30分鐘,",false,false,false,APPROVED_SOURCE_TEXT,Approved by project owner after human review; status applied by Codex on 2026-07-17.
1IZ,taoyuan-district,Taoyuan,經國路(機車)(春日路-有恆路),"機車車格 週一至週五 08:00~18:00收費 5元/30分鐘,",false,false,false,APPROVED_SOURCE_TEXT,Approved by project owner after human review; status applied by Codex on 2026-07-17.
1J0,taoyuan-district,Taoyuan,富國路(永安路-莊敬路二段),"一般小型車格 週一至週五 08:00~18:00收費 10元/30分鐘,",false,false,false,APPROVED_SOURCE_TEXT,Approved by project owner after human review; status applied by Codex on 2026-07-17.
1J1,taoyuan-district,Taoyuan,同德七街(機車)(寶慶路-中埔二街),"機車車格 週一至週五 08:00~18:00收費 5元/30分鐘,",false,false,false,APPROVED_SOURCE_TEXT,Approved by project owner after human review; status applied by Codex on 2026-07-17.
1J2,taoyuan-district,Taoyuan,成功路一段(民權路-中正路),"一般小型車格 週一至週日 07:00~20:00收費 第一30分鐘收費20元，第二30分鐘收費20元，第三30分鐘收費25元,",false,false,false,APPROVED_SOURCE_TEXT,Approved by project owner after human review; status applied by Codex on 2026-07-17.
